date,open,close
2003-01-02,123.3,126.8
2003-01-03,126.3,126.3
2003-01-06,125.7,127.2
2003-01-07,126.3,127.1
2003-01-08,126.8,125.7
2003-01-09,126.0,127.7
2003-01-10,126.4,126.6
2003-01-13,126.6,126.5
2003-01-14,126.7,127.98
2003-01-15,128.0,127.0
2003-01-16,127.7,126.7
2003-01-17,125.6,126.3
2003-01-21,126.9,125.6
2003-01-22,125.7,127.5
2003-01-23,127.5,129.0
2003-01-24,128.3,126.4
2003-01-27,125.9,125.1
2003-01-28,125.3,125.8
2003-01-29,125.3,125.8
2003-01-30,126.4,123.9
2003-01-31,123.7,124.6
2003-02-03,125.6,125.0
2003-02-04,124.3,123.1
2003-02-05,124.0,123.1
2003-02-06,123.4,123.0
2003-02-07,123.5,122.5
2003-02-10,122.5,123.7
2003-02-11,124.5,123.1
2003-02-12,123.5,122.3
2003-02-13,122.5,122.4
2003-02-14,123.2,125.1
2003-02-18,125.1,126.6
2003-02-19,126.6,125.9
2003-02-20,126.0,124.9
2003-02-21,125.5,126.9
2003-02-24,126.9,125.0
2003-02-25,125.0,125.7
2003-02-26,125.7,124.8
2003-02-27,125.6,126.2
2003-02-28,126.4,125.4
2003-03-03,125.9,124.8
2003-03-04,124.9,123.7
2003-03-05,123.9,125.1
2003-03-06,124.9,123.5
2003-03-07,123.0,124.5
2003-03-10,123.6,121.7
2003-03-11,121.7,121.0
2003-03-12,121.2,121.5
2003-03-13,123.0,125.4
2003-03-14,125.7,125.6
2003-03-17,125.3,129.5
2003-03-18,128.5,130.0
2003-03-19,130.0,129.7
2003-03-20,129.7,130.6
2003-03-21,131.5,134.4
2003-03-24,132.1,130.6
2003-03-25,130.6,132.3
2003-03-26,132.3,131.7
2003-03-27,130.6,131.7
2003-03-28,131.7,130.5
2003-03-31,127.9,130.0
2003-04-01,130.04,130.84
2003-04-02,132.3,133.66
2003-04-03,133.67,133.85
2003-04-04,133.86,133.98
2003-04-07,134.95,132.56
2003-04-08,132.57,133.48
2003-04-09,133.48,131.61
2003-04-10,131.61,132.78
2003-04-11,132.79,132.91
2003-04-14,132.92,133.24
2003-04-15,133.0,133.64
2003-04-16,133.64,129.0
2003-04-17,129.01,129.98
2003-04-21,130.03,129.83
2003-04-22,128.34,129.75
2003-04-23,129.6,127.8
2003-04-24,127.8,125.72
2003-04-25,125.18,122.9
2003-04-28,123.13,126.8
2003-04-29,126.8,126.97
2003-04-30,126.97,126.04
2003-05-01,126.04,124.9
2003-05-02,124.0,126.15
2003-05-05,126.0,124.81
2003-05-06,124.81,122.82
2003-05-07,122.83,121.51
2003-05-08,121.52,123.08
2003-05-09,123.26,122.81
2003-05-12,122.82,124.45
2003-05-13,123.56,123.47
2003-05-14,124.0,123.16
2003-05-15,123.22,125.85
2003-05-16,125.86,125.45
2003-05-19,125.2,123.98
2003-05-20,124.85,124.77
2003-05-21,124.12,123.27
2003-05-22,123.5,124.77
2003-05-23,125.02,123.5
2003-05-27,123.5,126.1
2003-05-28,126.74,125.01
2003-05-29,125.26,123.32
2003-05-30,124.0,126.47
2003-06-02,127.25,125.0
2003-06-03,125.1,126.18
2003-06-04,126.0,127.0
2003-06-05,125.81,125.66
2003-06-06,127.25,126.4
2003-06-09,126.41,126.21
2003-06-10,126.95,126.21
2003-06-11,126.03,127.96
2003-06-12,128.5,128.36
2003-06-13,128.5,127.8
2003-06-16,128.42,130.48
2003-06-17,130.48,130.08
2003-06-18,130.48,131.74
2003-06-19,131.75,131.41
2003-06-20,132.05,130.78
2003-06-23,130.78,129.57
2003-06-24,129.57,129.92
2003-06-25,129.93,129.3
2003-06-26,129.05,130.3
2003-06-27,130.25,128.61
2003-06-30,128.75,128.98
2003-07-01,128.98,128.88
2003-07-02,128.89,129.89
2003-07-03,129.0,128.38
2003-07-07,129.37,130.12
2003-07-08,129.87,129.8
2003-07-09,129.85,129.32
2003-07-10,129.0,128.9
2003-07-11,128.9,129.24
2003-07-14,130.32,128.96
2003-07-15,129.96,128.09
2003-07-16,128.2,127.62
2003-07-17,127.0,127.32
2003-07-18,128.5,130.18
2003-07-21,132.45,136.35
2003-07-22,136.36,137.65
2003-07-23,137.65,138.75
2003-07-24,139.0,139.35
2003-07-25,139.36,141.4
2003-07-28,140.8,140.98
2003-07-29,140.55,139.55
2003-07-30,139.56,139.4
2003-07-31,139.6,140.2
2003-08-01,139.4,139.01
2003-08-04,139.02,140.12
2003-08-05,139.92,138.95
2003-08-06,138.7,138.21
2003-08-07,137.96,138.85
2003-08-08,138.86,139.95
2003-08-11,139.95,141.9
2003-08-12,142.0,143.97
2003-08-13,143.98,144.5
2003-08-14,143.3,142.14
2003-08-15,142.85,142.66
2003-08-18,142.5,144.34
2003-08-19,144.35,144.45
2003-08-20,144.45,143.82
2003-08-21,144.05,144.69
2003-08-22,144.7,143.52
2003-08-25,143.67,143.37
2003-08-26,143.38,144.14
2003-08-27,143.88,142.95
2003-08-28,142.7,142.25
2003-08-29,142.25,142.47
2003-09-02,141.0,140.15
2003-09-03,140.15,142.61
2003-09-04,142.62,140.0
2003-09-05,139.45,138.68
2003-09-08,139.2,137.98
2003-09-09,137.6,137.41
2003-09-10,137.41,136.6
2003-09-11,136.67,138.89
2003-09-12,138.35,138.23
2003-09-15,138.55,138.43
2003-09-16,138.68,140.8
2003-09-17,140.81,140.27
2003-09-18,140.5,141.85
2003-09-19,141.85,141.98
2003-09-22,141.05,142.12
2003-09-23,142.0,142.75
2003-09-24,142.65,141.15
2003-09-25,141.15,141.61
2003-09-26,143.15,143.45
2003-09-29,143.2,140.54
2003-09-30,69.9,69.07
2003-10-01,69.94,70.9
2003-10-02,71.0,71.28
2003-10-03,73.15,73.03
2003-10-06,73.03,72.94
2003-10-07,72.84,73.3
2003-10-08,73.31,72.7
2003-10-09,73.4,74.14
2003-10-10,74.0,74.04
2003-10-13,74.55,74.52
2003-10-14,74.33,74.67
2003-10-15,74.75,73.7
2003-10-16,73.8,73.59
2003-10-17,73.69,74.05
2003-10-20,75.7,75.48
2003-10-21,75.97,75.5
2003-10-22,75.48,75.82
2003-10-23,75.82,75.93
2003-10-24,75.93,75.68
2003-10-27,75.68,75.74
2003-10-28,76.23,77.25
2003-10-29,77.25,77.57
2003-10-30,77.57,78.06
2003-10-31,78.06,78.87
2003-11-03,78.96,78.79
2003-11-04,78.65,79.5
2003-11-05,79.5,79.17
2003-11-06,78.52,79.6
2003-11-07,79.65,79.04
2003-11-10,79.04,78.84
2003-11-11,78.85,78.5
2003-11-12,78.5,78.9
2003-11-13,78.78,79.65
2003-11-14,79.89,78.53
2003-11-17,78.53,78.19
2003-11-18,78.19,77.21
2003-11-19,76.95,76.85
2003-11-20,76.1,76.8
2003-11-21,76.98,77.51
2003-11-24,77.95,79.56
2003-11-25,79.5,79.17
2003-11-26,79.45,79.28
2003-11-28,78.65,79.04
2003-12-01,79.5,81.62
2003-12-02,81.38,80.95
2003-12-03,80.85,80.99
2003-12-04,80.72,81.3
2003-12-05,80.88,80.74
2003-12-08,80.8,81.95
2003-12-09,82.1,82.02
2003-12-10,82.1,80.94
2003-12-11,81.19,81.24
2003-12-12,81.56,81.47
2003-12-15,82.54,82.0
2003-12-16,82.0,82.98
2003-12-17,82.99,83.46
2003-12-18,83.5,83.43
2003-12-19,83.55,84.07
2003-12-22,84.38,85.25
2003-12-23,85.15,84.61
2003-12-24,84.61,84.24
2003-12-26,84.33,84.21
2003-12-29,84.12,84.5
2003-12-30,84.4,84.28
2003-12-31,84.48,85.03
2004-01-02,85.0,83.37
2004-01-05,83.58,84.96
2004-01-06,84.5,84.7
2004-01-07,84.12,83.24
2004-01-08,83.24,82.68
2004-01-09,82.35,82.4
2004-01-12,82.54,83.17
2004-01-13,83.05,82.88
2004-01-14,83.13,83.7
2004-01-15,83.7,84.3
2004-01-16,84.95,85.48
2004-01-20,86.2,80.41
2004-01-21,80.95,81.75
2004-01-22,81.98,82.11
2004-01-23,82.65,81.96
2004-01-26,81.96,82.47
2004-01-27,82.67,82.1
2004-01-28,82.25,80.0
2004-01-29,80.02,79.52
2004-01-30,79.2,79.09
2004-02-02,78.89,78.0
2004-02-03,78.0,78.9
2004-02-04,78.9,79.45
2004-02-05,79.1,79.0
2004-02-06,79.0,79.81
2004-02-09,79.8,79.39
2004-02-10,79.55,81.25
2004-02-11,80.75,81.4
2004-02-12,81.4,80.98
2004-02-13,81.05,79.68
2004-02-17,80.4,80.32
2004-02-18,80.2,79.66
2004-02-19,79.98,79.1
2004-02-20,79.38,79.7
2004-02-23,79.75,80.44
2004-02-24,80.25,79.48
2004-02-25,79.05,78.57
2004-02-26,78.32,78.18
2004-02-27,78.25,78.02
2004-03-01,78.47,78.78
2004-03-02,78.95,78.31
2004-03-03,78.32,78.95
2004-03-04,79.01,78.89
2004-03-05,78.8,78.66
2004-03-08,78.62,77.67
2004-03-09,77.67,77.85
2004-03-10,77.77,76.0
2004-03-11,75.27,75.35
2004-03-12,75.35,76.22
2004-03-15,76.1,74.87
2004-03-16,77.31,78.81
2004-03-17,79.45,79.56
2004-03-18,79.22,79.88
2004-03-19,79.88,79.76
2004-03-22,79.1,79.71
2004-03-23,80.0,79.6
2004-03-24,79.6,79.43
2004-03-25,80.0,81.02
2004-03-26,80.6,79.98
2004-03-29,80.0,80.8
2004-03-30,80.57,81.68
2004-03-31,81.93,81.87
2004-04-01,81.87,81.05
2004-04-02,82.0,81.78
2004-04-05,81.9,82.75
2004-04-06,82.35,82.83
2004-04-07,82.62,82.75
2004-04-08,82.95,82.43
2004-04-12,82.63,83.62
2004-04-13,83.52,82.39
2004-04-14,81.64,82.66
2004-04-15,82.66,82.85
2004-04-16,83.3,83.73
2004-04-19,83.95,83.76
2004-04-20,84.0,83.2
2004-04-21,83.2,83.92
2004-04-22,83.78,86.95
2004-04-23,86.3,87.9
2004-04-26,87.51,87.75
2004-04-27,87.28,88.38
2004-04-28,87.9,86.72
2004-04-29,86.72,86.12
2004-04-30,86.05,86.48
2004-05-03,86.5,87.03
2004-05-04,86.43,86.5
2004-05-05,86.5,85.75
2004-05-06,85.12,84.77
2004-05-07,84.45,84.43
2004-05-10,83.65,83.54
2004-05-11,84.47,84.15
2004-05-12,83.6,85.35
2004-05-13,85.0,84.51
2004-05-14,84.01,83.81
2004-05-17,82.76,83.22
2004-05-18,83.32,83.12
2004-05-19,83.0,82.31
2004-05-20,82.45,82.2
2004-05-21,82.79,82.92
2004-05-24,82.93,82.55
2004-05-25,82.54,83.64
2004-05-26,83.72,84.0
2004-05-27,84.55,84.95
2004-05-28,85.0,84.56
2004-06-01,84.13,84.83
2004-06-02,85.45,85.61
2004-06-03,85.46,84.77
2004-06-04,85.3,84.86
2004-06-07,84.86,85.18
2004-06-08,84.8,86.13
2004-06-09,86.0,85.41
2004-06-10,85.44,86.22
2004-06-14,85.6,85.15
2004-06-15,85.95,85.55
2004-06-16,85.55,85.25
2004-06-17,85.0,85.93
2004-06-18,85.93,87.09
2004-06-21,86.9,87.28
2004-06-22,87.79,89.5
2004-06-23,89.02,89.55
2004-06-24,89.15,88.58
2004-06-25,88.6,88.66
2004-06-28,89.05,88.69
2004-06-29,88.69,89.8
2004-06-30,89.82,90.01
2004-07-01,90.0,88.17
2004-07-02,88.33,87.5
2004-07-06,87.07,87.55
2004-07-07,87.55,88.43
2004-07-08,88.43,87.74
2004-07-09,88.2,87.65
2004-07-12,87.77,87.9
2004-07-13,87.45,87.38
2004-07-14,86.57,88.19
2004-07-15,88.19,88.62
2004-07-16,89.3,87.84
2004-07-19,85.5,83.05
2004-07-20,83.45,85.0
2004-07-21,85.2,83.58
2004-07-22,83.02,83.7
2004-07-23,83.7,82.62
2004-07-26,82.62,81.63
2004-07-27,81.98,83.05
2004-07-28,83.05,81.99
2004-07-29,82.69,82.12
2004-07-30,82.12,82.36
2004-08-02,82.3,83.55
2004-08-03,83.26,82.93
2004-08-04,82.4,83.18
2004-08-05,82.83,81.57
2004-08-06,80.76,79.87
2004-08-09,79.8,79.45
2004-08-10,80.0,79.61
2004-08-11,79.3,79.23
2004-08-12,79.02,77.79
2004-08-13,78.15,77.66
2004-08-16,78.15,78.23
2004-08-17,78.15,78.68
2004-08-18,78.2,80.0
2004-08-19,79.75,79.98
2004-08-20,79.6,80.27
2004-08-23,80.19,80.36
2004-08-24,80.7,80.58
2004-08-25,80.35,81.2
2004-08-26,81.23,81.27
2004-08-27,80.95,81.48
2004-08-30,81.5,81.3
2004-08-31,81.38,82.36
2004-09-01,82.12,82.86
2004-09-02,82.76,83.54
2004-09-03,83.57,83.94
2004-09-07,84.2,84.22
2004-09-08,84.22,83.85
2004-09-09,84.1,83.85
2004-09-10,83.9,84.69
2004-09-13,84.69,84.65
2004-09-14,84.65,83.92
2004-09-15,83.92,82.0
2004-09-16,82.2,82.05
2004-09-17,82.05,82.32
2004-09-20,82.15,80.94
2004-09-21,81.27,81.57
2004-09-22,81.2,80.23
2004-09-23,80.02,78.7
2004-09-24,78.87,78.68
2004-09-27,78.68,77.69
2004-09-28,78.26,79.07
2004-09-29,78.85,78.78
2004-09-30,78.68,79.97
2004-10-01,80.0,79.69
2004-10-04,80.15,78.94
2004-10-05,78.95,78.76
2004-10-06,79.63,81.14
2004-10-07,81.97,79.66
2004-10-08,79.76,79.26
2004-10-11,79.5,79.22
2004-10-12,79.15,78.63
2004-10-13,79.45,77.98
2004-10-14,78.15,77.6
2004-10-15,77.65,77.98
2004-10-18,75.0,76.1
2004-10-19,76.8,75.39
2004-10-20,75.53,76.8
2004-10-21,76.95,77.6
2004-10-22,77.85,75.88
2004-10-25,75.37,75.57
2004-10-26,75.4,76.22
2004-10-27,75.81,77.57
2004-10-28,77.03,77.15
2004-10-29,76.95,77.57
2004-11-01,77.5,76.91
2004-11-02,76.35,75.88
2004-11-03,76.0,75.29
2004-11-04,75.54,78.08
2004-11-05,78.5,81.4
2004-11-08,81.4,81.38
2004-11-09,81.63,81.19
2004-11-10,81.13,80.85
2004-11-11,81.35,81.88
2004-11-12,82.0,82.68
2004-11-15,82.8,82.28
2004-11-16,82.2,81.77
2004-11-17,81.98,82.23
2004-11-18,82.0,82.37
2004-11-19,82.17,80.95
2004-11-22,80.95,80.74
2004-11-23,80.74,80.24
2004-11-24,80.17,80.25
2004-11-26,80.0,80.16
2004-11-29,80.2,80.0
2004-11-30,80.0,79.59
2004-12-01,79.5,80.45
2004-12-02,80.2,79.91
2004-12-03,80.12,81.08
2004-12-06,80.75,80.37
2004-12-07,80.62,78.87
2004-12-08,79.0,79.24
2004-12-09,79.06,78.97
2004-12-10,78.6,78.8
2004-12-13,79.05,78.48
2004-12-14,78.5,78.5
2004-12-15,78.87,79.09
2004-12-16,79.14,79.9
2004-12-17,80.4,80.62
2004-12-20,80.21,80.75
2004-12-21,80.77,81.1
2004-12-22,81.0,81.51
2004-12-23,81.86,82.55
2004-12-27,82.59,82.15
2004-12-28,82.4,82.99
2004-12-29,82.75,82.74
2004-12-30,82.7,82.75
2004-12-31,82.73,82.07
2005-01-03,82.17,82.4
2005-01-04,82.4,81.73
2005-01-05,81.7,80.73
2005-01-06,80.88,81.46
2005-01-07,81.5,82.3
2005-01-10,82.3,83.94
2005-01-11,83.95,84.71
2005-01-12,84.71,84.71
2005-01-13,84.66,83.79
2005-01-14,83.79,83.97
2005-01-18,83.99,82.02
2005-01-19,82.5,82.17
2005-01-20,82.7,82.95
2005-01-21,82.75,81.27
2005-01-24,81.5,81.62
2005-01-25,82.15,82.82
2005-01-26,82.97,83.42
2005-01-27,83.0,82.89
2005-01-28,82.89,83.25
2005-01-31,83.6,84.36
2005-02-01,84.35,84.08
2005-02-02,83.77,83.34
2005-02-03,83.4,83.34
2005-02-04,83.55,84.08
2005-02-07,84.05,83.88
2005-02-08,83.55,84.34
2005-02-09,84.34,83.35
2005-02-10,83.39,83.9
2005-02-11,83.98,84.04
2005-02-14,84.47,84.61
2005-02-15,85.0,85.99
2005-02-16,85.5,86.8
2005-02-17,86.48,85.71
2005-02-18,85.78,85.55
2005-02-22,85.4,84.06
2005-02-23,83.68,83.92
2005-02-24,83.78,84.27
2005-02-25,84.2,84.6
2005-02-28,84.6,83.94
2005-03-01,83.95,84.47
2005-03-02,84.4,84.56
2005-03-03,84.97,84.9
2005-03-04,85.8,86.46
2005-03-07,86.46,86.71
2005-03-08,86.41,86.38
2005-03-09,86.2,86.12
2005-03-10,86.1,86.65
2005-03-11,86.65,85.63
2005-03-14,85.75,85.9
2005-03-15,86.0,85.86
2005-03-16,85.65,86.0
2005-03-17,85.87,85.97
2005-03-18,86.4,86.16
2005-03-21,86.0,85.67
2005-03-22,85.48,85.38
2005-03-23,85.15,85.07
2005-03-24,85.25,85.28
2005-03-28,85.29,85.17
2005-03-29,85.18,84.65
2005-03-30,84.85,85.98
2005-03-31,85.95,85.69
2005-04-01,86.0,85.12
2005-04-04,85.23,84.7
2005-04-05,84.68,84.47
2005-04-06,85.0,84.82
2005-04-07,85.1,85.16
2005-04-08,85.0,84.55
2005-04-11,84.75,84.47
2005-04-12,84.24,85.25
2005-04-13,84.97,84.22
2005-04-14,83.9,82.38
2005-04-15,82.39,80.86
2005-04-18,79.6,75.9
2005-04-19,76.6,76.93
2005-04-20,77.17,75.9
2005-04-21,76.9,78.07
2005-04-22,77.91,77.06
2005-04-25,77.67,77.51
2005-04-26,77.52,76.13
2005-04-27,75.87,76.6
2005-04-28,75.9,75.23
2005-04-29,75.71,76.47
2005-05-02,76.47,76.88
2005-05-03,76.84,76.76
2005-05-04,76.7,77.35
2005-05-05,77.35,77.47
2005-05-06,77.58,77.33
2005-05-09,77.18,77.73
2005-05-10,77.58,76.61
2005-05-11,76.79,76.99
2005-05-12,77.24,75.78
2005-05-13,76.07,75.61
2005-05-16,75.97,76.42
2005-05-17,76.05,77.01
2005-05-18,76.98,78.1
2005-05-19,78.1,77.86
2005-05-20,77.8,77.06
2005-05-23,77.3,78.53
2005-05-24,78.12,78.19
2005-05-25,78.18,77.06
2005-05-26,77.8,76.98
2005-05-27,76.93,76.98
2005-05-31,77.01,76.65
2005-06-01,76.78,77.0
2005-06-02,77.01,76.57
2005-06-03,76.59,76.0
2005-06-06,75.86,76.16
2005-06-07,76.5,76.34
2005-06-08,76.92,76.56
2005-06-09,76.56,76.18
2005-06-10,76.0,75.79
2005-06-13,75.96,76.09
2005-06-14,76.61,76.66
2005-06-15,76.9,76.13
2005-06-16,76.13,76.67
2005-06-17,77.28,76.92
2005-06-20,77.5,77.19
2005-06-21,77.4,77.19
2005-06-22,77.85,77.88
2005-06-23,78.21,75.87
2005-06-24,75.75,75.48
2005-06-27,75.68,75.79
2005-06-28,76.3,77.1
2005-06-29,77.07,76.04
2005-06-30,74.24,72.3
2005-07-01,72.31,73.0
2005-07-05,73.04,73.62
2005-07-06,73.63,72.83
2005-07-07,72.0,73.81
2005-07-08,73.9,75.0
2005-07-11,75.39,76.13
2005-07-12,76.14,74.87
2005-07-13,75.1,75.12
2005-07-14,75.12,75.43
2005-07-15,75.8,75.45
2005-07-18,75.45,74.53
2005-07-19,74.57,74.29
2005-07-20,74.11,74.68
2005-07-21,75.12,74.55
2005-07-22,74.8,74.71
2005-07-25,74.84,74.17
2005-07-26,74.63,73.78
2005-07-27,74.09,73.65
2005-07-28,73.69,74.7
2005-07-29,74.87,75.0
2005-08-01,75.1,75.3
2005-08-02,75.31,74.88
2005-08-03,74.55,74.19
2005-08-04,74.19,73.35
2005-08-05,73.35,72.99
2005-08-08,72.88,72.34
2005-08-09,72.47,72.0
2005-08-10,72.18,72.0
2005-08-11,72.22,72.36
2005-08-12,72.35,71.94
2005-08-15,72.0,72.18
2005-08-16,72.24,71.66
2005-08-17,71.24,71.76
2005-08-18,71.89,71.92
2005-08-19,72.16,72.07
2005-08-22,72.36,71.92
2005-08-23,71.92,70.99
2005-08-24,70.73,71.32
2005-08-25,71.53,71.3
2005-08-26,71.18,70.99
2005-08-29,70.5,71.08
2005-08-30,71.08,70.98
2005-08-31,70.86,71.15
2005-09-01,71.4,70.86
2005-09-02,71.39,71.5
2005-09-06,72.08,72.7
2005-09-07,72.83,73.77
2005-09-08,72.25,73.12
2005-09-09,73.45,73.52
2005-09-12,73.73,74.23
2005-09-13,74.04,74.0
2005-09-14,74.15,73.72
2005-09-15,73.52,73.31
2005-09-16,73.67,73.35
2005-09-19,73.25,72.5
2005-09-20,72.39,72.35
2005-09-21,72.36,72.33
2005-09-22,72.2,72.8
2005-09-23,72.8,72.55
2005-09-26,73.1,73.13
2005-09-27,73.0,73.18
2005-09-28,73.52,72.68
2005-09-29,72.89,73.18
2005-09-30,73.18,73.36
2005-10-03,73.26,72.53
2005-10-04,72.53,71.5
2005-10-05,71.41,71.17
2005-10-06,71.36,71.11
2005-10-07,71.51,71.73
2005-10-10,72.0,71.39
2005-10-11,71.25,70.55
2005-10-12,70.29,70.38
2005-10-13,70.11,70.07
2005-10-14,70.28,70.72
2005-10-17,71.01,72.47
2005-10-18,73.3,74.71
2005-10-19,74.72,75.65
2005-10-20,75.65,74.9
2005-10-21,74.75,74.89
2005-10-24,75.39,75.56
2005-10-25,75.75,75.67
2005-10-26,75.58,75.17
2005-10-27,75.42,74.81
2005-10-28,75.25,76.24
2005-10-31,76.24,75.98
2005-11-01,75.5,74.86
2005-11-02,75.08,75.15
2005-11-03,75.3,75.14
2005-11-04,75.35,75.13
2005-11-07,75.65,75.85
2005-11-08,75.85,75.95
2005-11-09,76.0,76.09
2005-11-10,76.09,77.18
2005-11-11,77.41,77.55
2005-11-14,77.35,77.63
2005-11-15,77.58,78.06
2005-11-16,78.4,76.91
2005-11-17,77.3,77.26
2005-11-18,78.75,78.16
2005-11-21,78.4,79.23
2005-11-22,79.1,78.28
2005-11-23,78.07,78.13
2005-11-25,78.07,78.32
2005-11-28,78.49,78.2
2005-11-29,78.21,78.35
2005-11-30,78.35,78.48
2005-12-01,78.77,79.27
2005-12-02,79.05,79.4
2005-12-05,79.1,78.32
2005-12-06,78.45,77.7
2005-12-07,78.4,77.38
2005-12-08,77.83,76.94
2005-12-09,77.46,77.86
2005-12-12,77.87,77.11
2005-12-13,77.4,76.95
2005-12-14,76.83,77.55
2005-12-15,77.37,77.49
2005-12-16,77.94,77.09
2005-12-19,76.9,77.57
2005-12-20,77.32,77.43
2005-12-21,77.63,78.05
2005-12-22,78.48,78.64
2005-12-23,77.89,78.6
2005-12-27,78.64,77.38
2005-12-28,77.59,78.2
2005-12-29,78.35,78.29
2005-12-30,78.11,77.5
2006-01-03,77.76,79.11
2006-01-04,79.49,78.71
2006-01-05,78.41,77.99
2006-01-06,78.64,78.63
2006-01-09,78.5,79.02
2006-01-10,79.0,78.53
2006-01-11,78.44,78.37
2006-01-12,78.2,77.7
2006-01-13,76.95,77.5
2006-01-17,77.1,77.09
2006-01-18,77.0,76.9945
2006-01-19,77.19,76.91
2006-01-20,76.91,75.24
2006-01-23,75.5,75.7
2006-01-24,74.01,74.2
2006-01-25,73.25,73.0
2006-01-26,73.22,72.7
2006-01-27,72.45,72.65
2006-01-30,72.9,72.65
2006-01-31,72.4,72.75
2006-02-01,72.3,73.19
2006-02-02,73.16,72.15
2006-02-03,71.75,71.1
2006-02-06,71.0,71.17
2006-02-07,71.16,70.65
2006-02-08,70.65,71.0
2006-02-09,71.36,72.12
2006-02-10,72.29,72.61
2006-02-13,72.69,72.91
2006-02-14,73.75,73.7
2006-02-15,73.71,73.13
2006-02-16,73.2,73.05
2006-02-17,73.15,73.77
2006-02-21,73.67,73.2
2006-02-22,73.19,72.98
2006-02-23,73.1,73.65
2006-02-24,73.94,73.91
2006-02-27,74.0,73.69
2006-02-28,73.7,73.59
2006-03-01,74.07,73.67
2006-03-02,73.64,73.05
2006-03-03,73.05,72.88
2006-03-06,72.46,71.95
2006-03-07,71.8,72.27
2006-03-08,72.51,72.38
2006-03-09,72.53,71.8
2006-03-10,71.9,72.32
2006-03-13,72.17,72.09
2006-03-14,72.18,73.53
2006-03-15,73.28,74.0
2006-03-16,74.49,74.89
2006-03-17,75.3,74.79
2006-03-20,74.84,75.0
2006-03-21,75.2,74.93
2006-03-22,74.76,76.07
2006-03-23,76.68,76.77
2006-03-24,76.65,76.8
2006-03-27,76.7,76.84
2006-03-28,76.84,76.3
2006-03-29,77.75,77.56
2006-03-30,77.57,76.52
2006-03-31,76.52,75.69
2006-04-03,75.97,75.84
2006-04-04,77.0,77.0
2006-04-05,77.89,77.46
2006-04-06,79.75,81.38
2006-04-07,81.25,81.03
2006-04-10,80.85,80.98
2006-04-11,80.17,80.79
2006-04-12,80.79,81.1
2006-04-13,80.9,80.97
2006-04-17,80.55,80.26
2006-04-18,80.36,81.59
2006-04-19,81.69,81.88
2006-04-20,81.85,82.6
2006-04-21,84.0,85.06
2006-04-24,84.01,85.46
2006-04-25,85.5,84.81
2006-04-26,85.07,85.52
2006-04-27,85.0,85.23
2006-04-28,85.0,85.43
2006-05-01,85.51,84.97
2006-05-02,85.15,84.5
2006-05-03,84.75,85.9
2006-05-04,85.9,86.47
2006-05-05,86.69,87.3
2006-05-08,87.1,88.13
2006-05-09,87.61,87.58
2006-05-10,87.25,87.65
2006-05-11,87.25,87.17
2006-05-12,86.9,86.57
2006-05-15,86.7,87.12
2006-05-16,87.12,86.3
2006-05-17,85.9,84.42
2006-05-18,83.63,84.15
2006-05-19,84.56,84.31
2006-05-22,84.31,83.73
2006-05-23,83.6,83.44
2006-05-24,83.19,83.82
2006-05-25,83.95,83.26
2006-05-26,83.26,83.87
2006-05-30,83.5,83.46
2006-05-31,83.7,83.66
2006-06-01,83.66,84.51
2006-06-02,84.8,84.78
2006-06-05,84.1,82.95
2006-06-06,83.2,82.26
2006-06-07,82.26,80.34
2006-06-08,79.8,81.75
2006-06-09,81.39,80.7
2006-06-12,80.85,80.16
2006-06-13,80.35,79.96
2006-06-14,79.8,79.9
2006-06-15,79.65,80.9
2006-06-16,80.98,80.51
2006-06-19,80.7,79.43
2006-06-20,79.43,79.89
2006-06-21,79.9,80.4
2006-06-22,80.65,79.59
2006-06-23,79.6,79.92
2006-06-26,79.92,80.21
2006-06-27,80.4,78.7
2006-06-28,78.71,79.28
2006-06-29,79.29,81.15
2006-06-30,81.64,80.77
2006-07-03,81.15,81.12
2006-07-05,80.9,80.55
2006-07-06,80.87,81.39
2006-07-07,75.5,74.1
2006-07-10,74.52,73.11
2006-07-11,73.25,73.09
2006-07-12,73.5,72.72
2006-07-13,72.48,71.63
2006-07-14,71.66,71.22
2006-07-17,71.2,70.66
2006-07-18,70.9,70.85
2006-07-19,71.15,71.02
2006-07-20,71.4,71.1
2006-07-21,71.25,70.72
2006-07-24,71.05,71.69
2006-07-25,71.0,68.11
2006-07-26,68.11,69.06
2006-07-27,70.5,69.75
2006-07-28,70.31,70.52
2006-07-31,70.1,70.4
2006-08-01,70.0,69.91
2006-08-02,69.91,69.61
2006-08-03,69.61,69.28
2006-08-04,69.9,69.45
2006-08-07,69.4,69.0
2006-08-08,69.45,68.56
2006-08-09,69.36,68.3
2006-08-10,68.41,68.41
2006-08-11,68.41,68.53
2006-08-14,68.53,68.62
2006-08-15,69.49,69.78
2006-08-16,70.3,70.79
2006-08-17,70.79,71.2
2006-08-18,71.52,71.21
2006-08-21,71.3,71.12
2006-08-22,71.13,71.29
2006-08-23,71.05,70.34
2006-08-24,70.5,70.1
2006-08-25,70.06,69.92
2006-08-28,69.75,70.94
2006-08-29,70.94,71.61
2006-08-30,72.0,71.44
2006-08-31,71.8,71.7
2006-09-01,71.74,71.72
2006-09-05,72.0,71.35
2006-09-06,71.4,71.5
2006-09-07,71.5,70.59
2006-09-08,70.75,71.51
2006-09-11,71.52,71.35
2006-09-12,71.68,72.57
2006-09-13,72.6,73.37
2006-09-14,73.4,73.53
2006-09-15,74.25,74.14
2006-09-18,74.14,73.89
2006-09-19,74.78,73.25
2006-09-20,73.3,73.42
2006-09-21,73.75,73.11
2006-09-22,73.3,73.07
2006-09-25,73.18,73.7
2006-09-26,74.0,74.75
2006-09-27,74.85,74.65
2006-09-28,74.98,74.6
2006-09-29,74.6,74.42
2006-10-02,74.7,73.59
2006-10-03,73.26,74.03
2006-10-04,74.03,74.87
2006-10-05,75.0,75.92
2006-10-06,75.95,75.95
2006-10-09,75.56,75.8
2006-10-10,75.69,75.2
2006-10-11,75.2,75.47
2006-10-12,75.44,75.43
2006-10-13,75.83,75.4
2006-10-16,75.6,75.75
2006-10-17,75.25,75.8
2006-10-18,76.0,75.53
2006-10-19,75.53,76.4
2006-10-20,78.12,78.47
2006-10-23,79.3,80.09
2006-10-24,79.95,79.89
2006-10-25,79.75,79.46
2006-10-26,79.46,79.24
2006-10-27,79.2,78.95
2006-10-30,78.78,78.94
2006-10-31,78.99,78.84
2006-11-01,78.83,78.84
2006-11-02,78.84,78.88
2006-11-03,79.08,78.58
2006-11-06,78.9,79.59
2006-11-07,79.76,79.42
2006-11-08,79.44,79.42
2006-11-09,79.55,78.9
2006-11-10,79.15,79.19
2006-11-13,79.05,79.5
2006-11-14,79.5,80.09
2006-11-15,79.84,80.71
2006-11-16,80.25,80.29
2006-11-17,80.49,81.4
2006-11-20,81.4,80.92
2006-11-21,80.92,81.64
2006-11-22,81.6,81.47
2006-11-24,80.86,81.15
2006-11-27,81.1,80.23
2006-11-28,79.9,80.41
2006-11-29,80.6,80.98
2006-11-30,80.88,81.46
2006-12-01,81.55,79.98
2006-12-04,80.42,80.89
2006-12-05,79.65,80.56
2006-12-06,80.55,79.8
2006-12-07,79.77,79.56
2006-12-08,78.36,78.56
2006-12-11,78.76,78.85
2006-12-12,78.84,79.01
2006-12-13,79.5,79.25
2006-12-14,79.4,78.77
2006-12-15,79.67,78.31
2006-12-18,78.35,78.35
2006-12-19,78.27,78.11
2006-12-20,78.3,78.83
2006-12-21,79.0,78.81
2006-12-22,78.82,78.35
2006-12-26,78.16,78.03
2006-12-27,78.33,78.47
2006-12-28,78.5,78.16
2006-12-29,78.1,77.93
2007-01-03,77.53,78.26
2007-01-04,78.4,77.95
2007-01-05,77.89,77.42
2007-01-08,77.19,77.59
2007-01-09,78.0,77.68
2007-01-10,77.31,77.85
2007-01-11,77.94,78.65
2007-01-12,78.41,79.36
2007-01-16,79.48,79.56
2007-01-17,79.33,78.91
2007-01-18,78.99,78.81
2007-01-19,79.09,79.25
2007-01-22,79.25,78.49
2007-01-23,78.71,78.85
2007-01-24,78.85,79.49
2007-01-25,79.56,79.01
2007-01-26,78.97,78.69
2007-01-29,78.54,78.96
2007-01-30,75.0,74.7
2007-01-31,74.21,74.3
2007-02-01,74.75,73.99
2007-02-02,73.87,73.87
2007-02-05,74.08,73.93
2007-02-06,73.91,74.27
2007-02-07,74.3,74.65
2007-02-08,74.88,74.64
2007-02-09,74.64,74.54
2007-02-12,74.55,74.59
2007-02-13,76.0,76.43
2007-02-14,76.43,76.84
2007-02-15,76.9,76.91
2007-02-16,76.91,76.84
2007-02-20,76.5,76.1
2007-02-21,76.1,76.23
2007-02-22,76.25,76.35
2007-02-23,76.49,76.21
2007-02-26,76.31,76.12
2007-02-27,76.13,74.5
2007-02-28,74.25,74.08
2007-03-01,74.0,73.66
2007-03-02,73.25,73.01
2007-03-05,73.01,73.17
2007-03-06,73.33,73.47
2007-03-07,73.5,73.8
2007-03-08,74.03,74.52
2007-03-09,74.59,74.73
2007-03-12,74.61,75.17
2007-03-13,74.75,74.77
2007-03-14,74.78,75.8
2007-03-15,75.8,75.99
2007-03-16,76.23,75.28
2007-03-19,75.54,76.36
2007-03-20,76.49,76.38
2007-03-21,76.25,76.9
2007-03-22,77.09,77.78
2007-03-23,77.59,77.97
2007-03-26,77.66,77.38
2007-03-27,77.44,77.17
2007-03-28,76.74,76.38
2007-03-29,76.38,76.09
2007-03-30,75.98,76.43
2007-04-02,76.44,76.28
2007-04-03,76.53,77.46
2007-04-04,77.5,77.16
2007-04-05,77.03,76.75
2007-04-09,76.74,76.83
2007-04-10,76.88,76.5
2007-04-11,76.35,76.23
2007-04-12,76.29,76.71
2007-04-13,77.25,76.72
2007-04-16,76.91,77.16
2007-04-17,77.0,77.28
2007-04-18,77.34,77.08
2007-04-19,76.36,77.58
2007-04-20,77.96,77.75
2007-04-23,77.89,77.28
2007-04-24,77.14,77.0
2007-04-25,76.96,76.97
2007-04-26,80.31,80.45
2007-04-27,79.97,81.55
2007-04-30,81.18,82.77
2007-05-01,82.77,83.61
2007-05-02,83.4,84.42
2007-05-03,84.31,84.07
2007-05-04,83.9,84.21
2007-05-07,84.21,84.93
2007-05-08,84.21,84.78
2007-05-09,84.4,85.36
2007-05-10,85.0,84.65
2007-05-11,84.78,85.55
2007-05-14,85.3,84.83
2007-05-15,85.38,86.17
2007-05-16,86.48,86.01
2007-05-17,86.21,86.67
2007-05-18,86.93,86.9
2007-05-21,86.88,87.06
2007-05-22,87.06,87.78
2007-05-23,87.65,87.94
2007-05-24,87.62,87.15
2007-05-25,87.55,87.35
2007-05-29,86.95,87.31
2007-05-30,87.3,87.93
2007-05-31,87.93,87.96
2007-06-01,87.93,88.43
2007-06-04,88.43,88.07
2007-06-05,88.07,87.46
2007-06-06,87.47,86.62
2007-06-07,86.62,84.88
2007-06-08,84.88,85.94
2007-06-11,85.94,85.3
2007-06-12,85.3,85.04
2007-06-13,85.7,87.19
2007-06-14,87.75,87.42
2007-06-15,87.58,87.67
2007-06-18,87.68,87.62
2007-06-19,87.43,87.82
2007-06-20,87.97,87.08
2007-06-21,87.12,87.41
2007-06-22,87.3,86.43
2007-06-25,86.6,86.25
2007-06-26,86.49,86.08
2007-06-27,85.82,87.13
2007-06-28,87.0,86.85
2007-06-29,87.1,86.79
2007-07-02,87.29,88.0
2007-07-03,88.0,87.94
2007-07-05,87.68,87.76
2007-07-06,87.95,88.11
2007-07-09,87.97,88.11
2007-07-10,87.94,87.22
2007-07-11,87.22,87.88
2007-07-12,87.67,89.93
2007-07-13,89.58,90.22
2007-07-16,90.63,90.87
2007-07-17,91.44,91.08
2007-07-18,91.1,91.48
2007-07-19,91.8,91.17
2007-07-20,90.5,90.21
2007-07-23,90.61,90.87
2007-07-24,90.54,89.69
2007-07-25,90.24,89.62
2007-07-26,89.62,90.05
2007-07-27,90.4,90.05
2007-07-30,90.18,90.18
2007-07-31,89.46,88.92
2007-08-01,88.94,89.07
2007-08-02,89.06,89.12
2007-08-03,88.68,87.56
2007-08-06,87.7,87.77
2007-08-07,86.96,88.03
2007-08-08,87.9,88.15
2007-08-09,87.9,86.86
2007-08-10,86.36,85.97
2007-08-13,87.16,86.25
2007-08-14,86.27,85.76
2007-08-15,84.94,85.06
2007-08-16,83.21,85.4
2007-08-17,87.0,87.83
2007-08-20,87.55,88.27
2007-08-21,88.1,88.46
2007-08-22,88.52,89.07
2007-08-23,89.34,88.75
2007-08-24,88.5,89.15
2007-08-27,88.8,88.7
2007-08-28,88.59,87.62
2007-08-29,88.05,88.76
2007-08-30,88.4,89.36
2007-08-31,89.81,90.99
2007-09-04,90.96,91.15
2007-09-05,90.4,89.92
2007-09-06,90.26,90.63
2007-09-07,90.39,88.92
2007-09-10,89.13,87.82
2007-09-11,88.01,88.24
2007-09-12,88.56,89.08
2007-09-13,89.67,89.09
2007-09-14,88.66,89.02
2007-09-17,88.95,88.93
2007-09-18,89.25,91.66
2007-09-19,91.75,91.96
2007-09-20,91.23,91.44
2007-09-21,92.5,91.68
2007-09-24,91.6,91.81
2007-09-25,91.49,91.91
2007-09-26,92.17,92.54
2007-09-27,92.8,93.39
2007-09-28,93.98,93.58
2007-10-01,93.84,94.74
2007-10-02,94.35,93.89
2007-10-03,93.66,94.19
2007-10-04,94.5,94.25
2007-10-05,94.75,95.85
2007-10-08,95.75,95.41
2007-10-09,94.87,95.62
2007-10-10,95.12,95.82
2007-10-11,96.1,94.36
2007-10-12,94.67,94.17
2007-10-15,94.18,94.39
2007-10-16,94.43,93.98
2007-10-17,94.64,94.26
2007-10-18,94.28,94.73
2007-10-19,92.9,86.62
2007-10-22,85.35,86.28
2007-10-23,86.87,85.93
2007-10-24,85.92,86.1
2007-10-25,86.68,86.09
2007-10-26,86.48,86.13
2007-10-29,86.44,85.97
2007-10-30,85.95,85.79
2007-10-31,85.98,86.36
2007-11-01,86.07,83.9
2007-11-02,84.7,84.89
2007-11-05,84.94,85.05
2007-11-06,85.12,85.45
2007-11-07,85.3,83.27
2007-11-08,83.34,82.83
2007-11-09,79.98,79.51
2007-11-12,79.53,79.22
2007-11-13,80.05,81.23
2007-11-14,81.56,80.21
2007-11-15,80.05,79.65
2007-11-16,80.13,81.57
2007-11-19,81.22,81.7
2007-11-20,81.99,82.11
2007-11-21,81.6,81.24
2007-11-23,81.83,82.75
2007-11-26,82.6,81.0
2007-11-27,81.58,82.12
2007-11-28,82.57,83.41
2007-11-29,83.08,83.61
2007-11-30,84.44,83.26
2007-12-03,83.43,82.21
2007-12-04,81.91,82.09
2007-12-05,82.69,83.76
2007-12-06,83.73,84.82
2007-12-07,85.0,86.19
2007-12-10,86.66,86.74
2007-12-11,87.05,84.65
2007-12-12,88.1,86.66
2007-12-13,86.41,86.92
2007-12-14,86.12,85.93
2007-12-17,85.88,85.78
2007-12-18,86.21,85.85
2007-12-19,85.69,84.93
2007-12-20,85.04,84.49
2007-12-21,85.03,86.05
2007-12-24,86.05,86.26
2007-12-26,86.0,86.07
2007-12-27,85.65,85.4
2007-12-28,86.12,85.09
2007-12-31,84.8,84.32
